date,Humidité,Température,Pression,COV
0:0:21,177,142,128,167
0:0:23,49,120,128,114
0:0:25,223,143,187,28
0:0:27,198,203,20,50
0:0:29,141,46,147,108
0:0:31,240,94,122,112
0:0:33,204,84,105,30
0:0:35,106,147,81,44
0:0:37,35,188,151,80
0:0:39,75,253,56,125
0:0:41,163,253,189,199
0:0:43,140,62,245,21
0:0:45,243,166,28,25
0:0:47,214,170,242,188
0:0:49,196,9,227,247
0:0:51,97,226,166,116
0:0:53,77,39,254,211
0:0:55,178,130,228,35
0:0:57,215,134,249,65
0:0:59,195,184,158,77
0:1:1,13,226,193,205
0:1:3,203,91,26,253
0:1:5,172,245,51,147
0:1:7,159,42,15,246
0:1:9,109,60,184,129
0:0:40,89,221,132,45
0:0:41,71,23,110,166
0:0:41,48,167,194,58
0:0:42,152,44,109,93
0:0:42,140,248,137,41
0:0:43,91,216,143,102
0:0:43,83,71,27,222
0:0:44,114,170,87,35
0:0:44,229,12,46,200
0:0:45,29,228,251,80
0:0:45,87,49,223,108
0:0:46,131,108,35,243
0:0:46,241,228,242,230
0:0:47,107,174,254,208
0:0:47,115,15,33,45
0:0:48,145,135,62,32
0:0:48,229,28,55,47
0:0:49,254,179,152,58
0:0:49,133,12,200,192
0:0:50,23,200,84,141
0:0:50,245,158,136,228
0:0:51,138,174,234,234
0:0:51,118,240,203,73
0:0:52,117,212,200,0
0:0:52,88,142,175,147
0:0:53,15,229,204,59
0:0:53,234,89,43,232
0:0:54,49,57,70,147
0:0:54,120,57,240,221
0:0:55,72,178,38,102
0:0:55,2,28,240,251
0:0:56,179,113,222,102
0:0:56,212,185,97,149
0:0:57,233,75,67,208
0:0:57,223,49,160,84
0:0:58,218,14,154,127
0:0:58,89,158,9,152
0:0:59,218,149,194,132
0:0:59,9,221,137,114
0:1:0,254,51,1,123
0:1:0,28,238,214,232
0:1:1,62,84,124,210
0:1:2,113,143,45,252
0:1:2,51,213,75,71
0:1:2,120,18,208,198
0:1:3,43,161,98,247
0:1:3,208,162,79,252
0:1:4,162,108,247,124
0:1:4,227,253,29,145
0:1:5,227,118,155,215
0:1:5,102,74,73,145
0:1:6,131,42,13,173
0:1:7,177,168,220,167
0:1:7,80,124,137,13
0:1:7,186,3,43,84
0:1:8,135,109,82,141
0:1:8,45,220,20,235
0:1:9,96,182,62,216
0:1:9,151,161,26,127
0:1:10,183,240,222,153
0:1:10,170,179,58,239
0:1:11,95,254,121,167
0:1:11,242,23,29,117
0:1:12,83,162,249,126
0:1:12,191,32,4,177
0:1:13,62,148,113,211
0:1:13,249,177,231,190
0:1:14,68,54,93,115
0:1:14,232,99,11,226
0:1:15,234,56,166,207
0:1:16,0,189,206,60
0:1:16,39,202,205,122
0:1:17,164,7,157,123
0:1:17,174,244,105,196
0:1:18,90,230,109,134
0:1:18,205,237,242,59
0:1:19,46,178,130,240
0:1:19,128,1,232,68
0:1:20,66,202,210,136
0:1:20,224,209,55,23
0:1:21,147,3,102,18
0:1:21,228,20,210,28
0:1:22,49,179,125,32
0:1:22,164,70,156,145
0:1:23,107,218,251,189
0:1:23,81,110,55,143
0:1:24,104,63,142,182
0:1:24,167,107,128,105
0:1:25,237,137,65,241
0:1:25,91,248,125,55
0:1:26,148,240,158,70
0:1:26,72,68,175,253
0:1:27,54,229,229,114
0:1:27,95,146,45,83
0:1:28,10,133,118,110
0:1:28,123,244,54,177
0:1:29,69,90,101,85
0:1:29,154,100,141,24
0:1:30,48,142,56,135
0:1:30,92,237,159,43
0:1:31,198,213,105,140
0:1:31,50,36,44,36
0:1:32,92,87,216,89
0:1:32,239,138,5,184
0:1:33,106,139,140,154
0:1:33,114,213,39,213
0:1:34,170,58,253,215
0:1:34,98,147,180,165
0:1:35,179,215,31,212
0:1:35,10,124,13,165
0:1:35,88,91,16,239
0:1:36,100,72,17,88
0:1:36,108,4,21,170
0:1:37,70,104,117,234
0:1:37,55,141,60,149
0:1:38,48,138,86,249
0:1:38,105,150,6,32
0:1:39,31,177,85,224
0:1:39,140,2,111,198
0:1:40,91,158,11,116
0:1:40,114,182,179,30
0:1:41,156,233,190,206
0:1:41,101,15,250,234
0:1:42,31,146,173,173
0:1:42,67,156,169,179
0:1:43,156,70,166,6
0:1:43,182,132,63,70
0:1:44,79,146,122,230
0:1:44,14,83,128,101
0:1:45,69,202,8,208
0:1:45,53,29,58,26
0:1:46,202,58,12,26
0:1:46,92,81,45,144
0:1:47,234,217,95,235
0:1:47,116,39,31,224
0:1:48,221,104,142,157
0:1:48,136,196,206,72
0:1:49,144,96,163,184
0:1:49,55,83,52,12
0:1:50,157,19,193,180
0:1:50,48,48,196,53
0:1:51,122,47,190,143
0:1:51,136,193,82,65
0:1:52,51,238,31,97
0:1:52,52,252,31,83
0:1:53,223,82,174,70
0:1:53,160,107,92,186
0:1:54,224,118,46,78
0:1:54,216,32,56,82
0:1:55,4,147,91,27
0:1:55,53,65,20,32
0:1:56,235,224,13,64
0:1:56,233,133,91,168
0:1:57,154,126,103,175
0:1:57,73,156,229,232
0:1:58,86,51,237,223
0:1:58,29,5,108,10
0:1:59,229,83,142,98
0:1:59,83,57,215,93
0:2:0,27,181,236,199
0:2:0,208,99,208,210
0:2:1,14,179,222,149
0:2:1,153,238,111,176
0:2:2,14,38,181,201
0:2:2,12,146,0,5
0:2:3,68,229,156,10
0:2:4,21,188,4,63
0:2:4,34,145,189,99
0:2:5,133,254,175,117
0:2:5,81,139,175,191
0:2:6,155,103,222,216
0:2:6,144,190,5,9
0:2:7,225,207,70,209
0:2:7,240,100,72,212
0:2:8,248,18,98,78
0:2:8,200,21,1,112
0:2:9,236,19,151,69
0:2:9,110,50,230,108
0:2:10,131,74,241,190
0:2:10,30,251,111,13
0:2:11,199,131,250,161
0:2:11,90,238,214,55
0:2:12,66,57,55,108
0:2:12,45,237,6,186
0:2:13,134,118,85,15
0:2:13,197,252,111,7
0:2:14,222,133,205,33
0:2:14,44,160,40,107
0:2:15,159,197,91,232
0:2:15,200,164,3,183
0:2:16,168,193,248,140
0:2:16,171,141,25,232
0:2:17,19,118,230,142
0:2:17,156,61,164,108
0:2:18,15,148,19,111
0:2:18,72,230,161,253
0:2:19,126,230,21,145
0:2:19,13,178,224,72
0:2:20,43,201,135,208
0:2:20,200,95,159,240
0:2:21,93,246,60,145
0:2:21,138,230,181,68
0:2:22,244,176,97,118
0:2:22,76,111,207,90
0:2:23,225,51,125,46
0:2:23,116,59,123,167
0:2:24,208,224,187,223
0:2:24,125,130,41,110
0:2:25,86,81,166,170
0:2:25,244,128,236,32
0:2:26,131,42,49,152
0:2:26,193,102,63,41
0:2:27,134,88,133,199
0:2:27,211,166,3,51
0:2:28,182,90,13,75
0:2:28,26,130,246,114
0:2:29,26,243,98,104
0:2:29,28,184,46,12
0:2:30,163,115,247,109
0:2:30,22,34,102,76
0:2:31,225,79,126,84
0:2:31,189,129,230,26
0:2:32,85,141,129,90
0:2:32,38,98,57,137
0:2:32,204,103,220,0
0:2:33,169,19,101,40
0:2:33,117,142,231,172
0:2:34,204,73,184,101
0:2:34,26,195,168,236
0:2:35,112,42,79,23
0:2:35,246,118,221,141
0:2:36,32,48,88,205
0:2:36,44,132,72,190
0:2:37,119,102,247,158
0:2:37,86,68,219,221
0:2:38,112,140,152,57
0:2:38,66,162,146,121
0:2:39,130,177,1,91
0:2:39,220,156,53,252
0:2:40,160,252,108,211
0:2:40,129,182,164,76
0:2:41,163,132,161,242
0:2:41,88,87,156,192
0:2:42,35,180,144,162
0:2:42,87,5,47,122
0:2:43,153,240,208,164
0:2:43,141,108,76,64
0:2:44,143,68,43,71
0:2:44,141,112,177,110
0:2:45,67,148,116,116
0:2:46,11,66,108,125
0:2:46,131,221,193,167
0:2:46,166,236,225,196
0:2:47,55,79,40,152
0:2:47,20,198,34,91
0:2:48,196,65,196,90
0:2:48,236,48,45,151
0:2:49,15,202,145,164
0:2:49,187,197,171,49
0:2:50,237,219,167,166
0:2:50,210,205,182,50
0:2:51,145,104,215,139
0:2:52,96,235,22,112
0:2:52,87,4,26,211
0:2:53,53,137,160,161
0:2:53,209,228,121,140
0:2:54,94,241,110,241
0:2:54,222,137,192,246
0:2:55,76,234,213,24
0:2:55,185,160,17,139
0:2:56,130,76,146,156
0:2:56,198,1,40,248
0:2:57,119,199,84,50
0:2:57,175,213,21,8
0:2:58,114,192,113,125
0:2:58,34,102,14,43
0:2:59,161,96,159,207
0:2:59,223,118,223,115
0:3:0,44,42,78,127
0:3:1,137,60,63,11
0:3:1,20,186,42,230
0:3:2,62,230,37,241
0:3:2,189,163,39,201
0:3:3,128,156,81,61
0:3:3,106,52,107,196
0:3:4,161,226,18,214
0:3:4,114,108,29,84
0:3:5,72,42,211,97
0:3:5,131,39,11,195
0:3:6,163,48,145,26
0:3:6,242,69,105,72
0:3:7,251,219,61,65
0:3:7,234,187,223,28
0:3:8,58,91,35,85
0:3:8,4,222,1,68
0:3:9,60,37,49,16
0:3:9,119,234,240,180
0:3:10,197,218,28,140
0:3:11,108,69,15,209
0:3:11,198,185,159,198
0:3:11,128,59,102,73
0:3:12,150,145,205,229
0:3:12,143,83,244,9
0:3:13,151,236,31,35
0:3:13,58,48,0,1
0:3:14,48,63,37,33
0:3:15,21,183,169,72
0:3:15,23,220,80,40
0:3:16,117,139,89,13
0:3:16,86,28,29,22
0:3:17,7,96,21,242
0:3:17,50,21,7,189
0:3:18,53,59,9,83
0:3:18,86,52,233,241
0:3:19,96,134,88,14
0:3:19,220,38,110,44
0:3:20,236,43,71,236
0:3:20,234,229,66,121
0:3:21,99,75,192,40
0:3:21,171,228,170,122
0:3:22,134,13,239,39
0:3:22,40,133,229,167
0:3:23,126,97,96,204
0:3:23,174,184,11,163
0:3:24,175,15,45,242
0:3:25,244,229,11,85
0:3:25,156,179,137,79
0:3:26,75,107,97,183
0:3:26,144,75,177,73
0:3:27,102,181,171,52
0:3:27,54,178,192,114
0:3:28,214,3,208,46
0:3:28,116,30,141,133
0:3:29,186,90,160,33
0:3:29,163,118,241,39
0:3:30,46,56,142,147
0:3:30,35,131,220,162
0:3:31,162,141,39,166
0:3:31,108,185,101,120
0:3:32,190,93,222,66
0:3:32,135,186,245,120
0:3:33,58,197,159,121
0:3:34,23,171,29,69
0:3:34,235,46,100,10
0:3:35,251,57,27,119
0:3:35,77,7,100,147
0:3:36,176,138,146,97
0:3:36,213,148,169,52
0:3:37,54,26,89,215
0:3:37,49,88,196,111
0:3:38,82,123,31,217
0:3:38,251,58,89,26
0:3:39,246,88,198,26
0:3:39,158,200,26,27
0:3:40,107,69,17,142
0:3:40,155,234,130,31
0:3:41,163,202,253,76
0:3:41,227,131,125,66
0:3:42,148,65,248,204
0:3:42,122,171,203,42
0:3:43,148,154,8,158
0:3:43,57,22,134,2
0:3:44,4,197,165,158
0:3:44,226,238,211,175
0:3:45,130,217,236,200
0:3:45,225,129,84,54
0:3:46,72,241,69,104
0:3:47,183,209,54,53
0:3:47,226,248,175,107
0:3:48,41,169,238,39
0:3:48,0,14,122,155
0:3:49,147,91,173,200
0:3:49,251,81,176,26
0:3:49,31,165,143,111
0:3:50,89,45,46,214
0:3:51,196,49,198,159
0:3:51,62,239,196,232
0:3:52,172,121,180,85
0:3:52,172,11,122,1
0:3:53,0,94,109,150
0:3:53,85,64,165,163
0:3:54,230,185,154,35
0:3:54,97,0,67,21
0:3:55,180,254,100,31
0:3:56,6,162,184,163
0:3:56,148,46,74,1
0:3:57,165,196,225,212
0:3:57,155,116,184,172
0:3:58,208,214,91,16
0:3:58,7,118,86,233
0:3:59,219,245,16,254
0:3:59,186,214,94,210
0:4:0,109,106,174,211
0:4:0,134,144,174,1
0:4:1,182,176,130,44
0:4:1,136,78,132,68
0:4:2,210,194,102,14
0:4:2,238,118,253,156
0:4:3,78,186,171,56
0:4:3,67,236,20,52
0:4:4,177,44,184,52
0:4:4,230,152,52,37
0:4:5,189,106,123,118
0:4:6,93,158,133,63
0:4:6,82,182,29,184
0:4:7,120,137,67,237
0:4:7,9,222,83,26
0:4:8,44,150,199,253
0:4:8,208,89,66,193
0:4:8,12,99,64,203
0:4:9,149,99,104,116
0:4:10,1,239,162,200
0:4:10,148,21,156,230
0:4:11,82,8,241,193
0:4:11,157,88,180,210
0:4:12,245,172,229,163
0:4:13,59,115,112,206
0:4:13,113,153,219,8
0:4:14,79,84,217,200
0:4:14,58,59,92,189
0:4:15,184,135,18,93
0:4:15,156,226,221,39
0:4:16,68,15,138,125
0:4:16,152,87,132,183
0:4:17,31,240,83,189
0:4:17,161,214,114,87
0:4:18,42,58,163,33
0:4:18,251,227,21,64
0:4:19,206,160,12,95
0:4:19,194,111,61,204
0:4:20,126,166,51,206
0:4:20,249,242,77,103
0:4:21,136,48,32,203
0:4:21,186,32,90,184
0:4:22,167,178,229,22
0:4:22,160,204,120,90
0:4:23,53,195,173,206
0:4:23,251,148,151,151
0:4:24,145,184,40,104
0:4:24,131,247,236,1
0:4:25,116,212,36,195
0:4:25,96,194,231,169
0:4:26,80,93,30,201
0:4:26,189,249,81,217
0:4:27,242,138,232,66
0:4:27,146,239,40,9
0:4:28,66,35,201,56
0:4:28,128,156,37,13
0:4:29,167,88,250,59
0:4:29,119,216,24,223
0:4:30,92,100,237,121
0:4:30,161,18,223,187
0:4:31,167,214,31,33
0:4:31,70,210,249,213
0:4:32,206,0,15,173
0:4:32,174,34,61,161
0:4:33,187,176,191,183
0:4:33,129,62,246,61
0:4:34,180,62,6,30
0:4:34,246,129,7,28
0:4:35,42,234,194,104
0:4:35,44,212,160,52
0:4:36,106,163,159,197
0:4:36,69,6,230,74
0:4:37,24,249,212,191
0:4:38,26,97,37,187
0:4:38,13,41,61,239
0:4:38,164,69,233,150
0:4:39,77,233,47,40
0:4:39,199,185,16,117
0:4:40,251,165,99,177
0:4:40,56,71,219,52
0:4:41,109,62,72,163
0:4:41,150,238,174,11
0:4:42,159,102,230,227
0:4:42,72,173,252,137
0:4:43,166,102,99,165
0:4:43,202,48,197,25
0:4:44,152,80,60,5
0:4:44,22,107,118,166
0:4:45,180,181,102,139
0:4:45,97,96,218,135
0:4:46,229,147,222,198
0:4:46,247,223,151,55
0:4:47,20,251,230,249
0:4:47,201,65,21,212
0:4:48,38,206,107,47
0:4:48,245,233,192,65
0:4:49,39,199,231,253
0:4:49,146,234,139,10
0:4:50,31,109,125,252
0:4:50,233,237,219,4
0:4:51,169,65,113,234
0:4:51,53,210,22,184
0:4:52,13,79,241,8
0:4:52,136,63,30,118
0:4:53,157,50,219,117
0:4:53,54,145,165,111
0:4:54,240,133,104,15
0:4:54,222,243,116,107
0:4:55,215,188,96,116
0:4:55,209,174,91,248
0:4:56,144,217,193,231
0:4:56,73,59,202,192
0:4:57,244,188,90,252
0:4:57,61,175,142,162
0:4:58,112,160,41,181
0:4:58,162,54,158,53
0:4:59,238,117,35,169
0:4:59,246,197,211,39
0:5:0,158,37,244,234
0:5:0,5,196,130,248
0:5:1,155,216,213,190
0:5:1,143,249,197,151
0:5:2,140,164,114,15
0:5:2,65,116,70,93
0:5:3,247,22,110,94
0:5:3,79,221,111,167
0:5:4,18,18,77,188
0:5:4,230,199,179,218
0:5:5,127,244,68,47
0:5:5,2,36,138,170
0:5:6,77,245,57,214
0:5:6,79,136,27,36
0:5:7,152,64,192,188
0:5:7,228,61,220,82
0:5:8,148,200,29,107
0:5:8,152,35,77,74
0:5:9,123,129,59,71
0:5:9,113,198,77,32
0:5:10,220,225,84,37
0:5:10,37,208,168,142
0:5:11,238,81,133,190
0:5:11,212,253,167,211
0:5:12,231,240,220,99
0:5:13,222,171,145,70
0:5:13,140,183,27,28
0:5:14,152,3,163,155
0:5:14,52,52,125,75
0:5:15,48,67,107,91
0:5:15,89,14,106,69
0:5:16,95,37,141,244
0:5:16,218,212,70,215
0:5:17,33,235,237,129
0:5:17,164,108,138,108
0:5:17,6,68,186,243
0:5:18,220,108,61,143
0:5:19,209,149,175,172
0:5:19,229,224,160,179
0:5:20,114,29,103,184
0:5:20,213,109,196,215
0:5:21,88,126,38,165
0:5:21,180,34,186,252
0:5:21,91,96,186,204
0:5:22,12,56,70,109
0:5:22,119,19,113,54
0:5:23,90,233,44,53
0:5:23,227,228,213,92
0:5:24,202,33,177,94
0:5:24,208,165,107,246
0:5:25,71,87,18,74
0:5:25,248,62,70,119
0:5:26,197,121,192,136
0:5:26,222,232,196,251
0:5:27,150,84,69,13
0:5:27,182,175,21,6
0:5:28,171,10,190,170
0:5:28,92,141,189,142
0:5:29,81,3,179,173
0:5:29,215,152,187,107
0:5:30,33,242,220,73
0:5:30,128,51,36,44
0:5:31,231,226,181,67
0:5:31,78,56,200,28
0:5:32,212,155,7,171
0:5:32,220,208,44,139
0:5:33,231,232,17,15
0:5:33,54,21,42,10
0:5:34,41,54,231,18
0:5:34,174,102,176,59
0:5:35,21,49,116,249
0:5:35,234,148,192,119
0:5:36,65,64,11,95
0:5:36,83,173,228,229
0:5:37,163,21,240,61
0:5:37,221,235,217,197
0:5:38,165,55,157,61
0:5:39,64,218,14,10
0:5:39,35,192,164,116
0:5:40,22,6,156,80
0:5:40,99,142,0,29
0:5:41,73,234,219,243
0:5:41,241,48,59,145
0:5:42,128,43,101,98
0:5:42,132,57,211,27
0:5:43,216,240,50,21
0:5:43,105,51,248,135
0:5:44,251,186,177,42
0:5:44,205,90,199,14
0:5:45,228,57,165,196
0:5:45,240,165,165,10
0:5:45,141,186,83,251
0:5:46,210,14,56,63
0:5:47,252,61,248,110
0:5:47,2,177,105,132
0:5:48,139,5,143,27
0:5:48,167,247,157,86
0:5:48,39,254,192,123
0:5:49,199,114,120,191
0:5:49,86,53,0,225
0:5:50,135,72,73,166
0:5:50,90,159,123,170
0:5:51,203,83,234,195
0:5:51,193,51,113,225
0:5:52,214,137,121,30
0:5:52,126,107,15,49
0:5:53,25,148,158,38
0:5:53,78,97,99,92
0:5:54,210,164,166,117
0:5:54,219,174,166,96
0:5:55,105,73,158,171
0:5:55,181,22,30,192
0:5:56,87,58,130,178
0:5:56,211,193,217,40
0:5:57,201,206,170,69
0:5:57,104,197,35,108
0:5:58,17,247,20,149
0:5:58,25,24,17,121
0:5:59,150,88,25,144
0:5:59,225,63,176,240
0:6:0,55,132,175,115
0:6:0,136,132,210,193
0:6:1,229,214,144,22
0:6:1,147,189,47,54
0:6:2,212,176,52,200
0:6:2,9,23,35,31
0:6:3,200,141,145,243
0:6:3,129,14,146,73
0:6:4,80,0,206,158
0:6:5,252,214,52,192
0:6:5,115,197,179,172
0:6:6,116,219,193,107
0:6:6,78,171,141,108
0:6:7,128,248,238,197
0:6:7,109,228,247,16
0:6:8,105,127,20,81
0:6:8,200,9,119,217
0:6:9,0,159,218,41
0:6:9,200,57,48,200
0:6:10,54,120,114,168
0:6:10,184,194,218,113
0:6:11,102,79,93,71
0:6:11,200,116,253,51
0:6:12,210,89,177,136
0:6:12,206,232,75,206
0:6:13,44,78,250,57
0:6:13,18,59,175,84
0:6:14,208,0,28,245
0:6:14,108,86,159,125
0:6:15,181,52,56,147
0:6:15,76,237,119,46
0:6:16,87,180,102,242
0:6:16,168,60,122,22
0:6:16,115,186,6,188
0:6:17,202,168,227,23
0:6:17,222,49,126,102
0:6:18,224,139,88,4
0:6:18,89,131,205,161
0:6:19,73,27,16,119
0:6:19,117,231,24,18
0:6:20,212,146,54,35
0:6:20,243,7,151,18
0:6:21,116,246,0,130
0:6:21,48,189,239,210
0:6:22,79,85,144,209
0:6:22,19,184,127,174
0:6:23,31,27,208,60
0:6:23,252,155,231,48
0:6:24,238,38,9,15
0:6:24,205,151,97,59
0:6:25,147,105,145,8
0:6:25,148,229,29,114
0:6:26,146,94,132,246
0:6:27,124,230,159,2
0:6:27,63,250,70,180
0:6:28,232,250,70,232
0:6:28,156,2,80,159
0:6:29,57,22,33,71
0:6:29,180,250,62,179
0:6:30,95,222,239,212
0:6:30,211,249,181,79
0:6:31,109,30,21,143
0:6:31,144,229,232,2
0:6:32,49,251,107,218
0:6:32,125,24,170,141
0:6:33,210,117,157,73
0:6:33,137,152,165,133
0:6:34,215,80,153,2
0:6:34,114,69,0,167
0:6:34,25,99,127,67
0:6:35,204,22,222,51
0:6:35,136,239,13,124
0:6:36,212,7,254,200
0:6:36,108,120,190,61
0:6:37,121,234,231,218
0:6:37,208,204,134,221
0:6:38,24,45,144,71
0:6:38,229,116,107,121
0:6:39,77,98,80,29
0:6:39,32,107,153,66
0:6:40,129,219,220,61
0:6:40,92,240,62,90
0:6:41,197,134,216,0
0:6:41,149,161,61,152
0:6:42,74,204,84,135
0:6:42,178,61,48,204
0:6:43,78,115,125,59
0:6:43,19,94,25,233
0:6:44,39,244,238,228
0:6:44,40,22,217,47
0:6:45,71,209,224,31
0:6:45,13,34,9,96
0:6:46,127,193,232,171
0:6:46,202,77,116,79
0:6:47,118,197,76,66
0:6:47,139,5,218,195
0:6:48,178,110,57,165
0:6:48,146,108,53,154
0:6:49,75,37,126,24
0:6:50,250,0,142,88
0:6:50,101,111,97,214
0:6:51,40,59,200,143
0:6:51,24,166,194,210
0:6:52,161,38,28,97
0:6:52,217,139,100,146
0:6:53,38,26,162,27
0:6:53,27,222,133,101
0:6:54,106,189,252,98
0:6:54,169,204,39,215
0:6:55,233,112,185,159
0:6:55,214,8,138,131
0:6:56,71,239,162,174
0:6:56,10,19,29,174
0:6:57,165,48,149,60
0:6:57,99,99,0,63
0:6:58,134,129,143,248
0:6:58,144,211,41,143
0:6:59,70,36,18,28
0:6:59,33,105,206,31
0:7:0,119,54,32,198
0:7:0,74,50,214,170
0:7:0,148,96,65,190
0:7:1,11,248,139,213
0:7:1,15,28,103,42
0:7:2,149,3,182,234
0:7:2,230,207,73,190
0:7:3,138,50,160,35
0:7:3,179,158,191,243
0:7:4,1,127,228,48
0:7:4,13,65,123,179
0:7:5,201,227,106,105
0:7:5,53,203,231,234
0:7:6,101,23,179,102
0:7:6,92,138,153,52
0:7:7,2,146,207,56
0:7:7,52,83,189,178
0:7:8,216,205,72,66
0:7:8,131,242,135,214
0:7:9,169,110,238,111
0:7:9,156,41,90,156
0:7:10,213,7,42,121
0:7:10,9,209,107,80
0:7:11,241,182,17,104
0:7:11,33,10,65,233
0:7:12,142,191,175,65
0:7:12,120,245,220,56
0:7:13,71,224,147,102
0:7:13,22,230,170,151
0:7:14,246,80,226,194
0:7:15,45,232,58,196
0:7:15,31,174,47,173
0:7:16,171,84,166,80
0:7:16,65,240,52,39
0:7:17,109,131,241,159
0:7:17,126,190,61,109
0:7:18,85,50,250,89
0:7:18,205,60,116,250
0:7:19,215,117,243,198
0:7:19,233,160,149,48
0:7:20,176,45,175,166
0:7:20,230,55,202,237
0:7:21,139,151,164,15
0:7:21,37,50,78,213
0:7:22,193,80,99,67
0:7:22,128,58,194,67
0:7:23,119,25,64,193
0:7:23,70,249,1,120
0:7:23,165,51,242,184
0:7:24,1,236,25,1
0:7:24,101,99,77,218
0:7:25,31,49,183,88
0:7:25,109,96,148,19
0:7:26,132,121,202,71
0:7:27,249,123,113,97
0:7:27,219,65,63,213
0:7:28,84,82,106,186
0:7:28,19,130,12,90
0:7:29,109,191,11,221
0:7:29,162,135,190,145
0:7:30,34,15,156,2
0:7:30,247,24,97,58
0:7:31,219,43,74,115
0:7:32,133,194,77,110
0:7:32,40,143,240,131
0:7:33,40,47,193,45
0:7:33,5,215,96,97
0:7:34,187,7,98,108
0:7:34,97,246,188,57
0:7:35,122,148,6,171
0:7:35,117,86,41,100
0:7:36,218,157,97,178
0:7:36,223,16,0,170
0:7:37,118,73,58,121
0:7:37,196,137,235,23
0:7:38,52,151,72,161
0:7:38,121,148,174,24
0:7:39,71,85,214,253
0:7:39,163,53,220,143
0:7:40,194,104,202,234
0:7:40,140,199,121,71
0:7:41,29,54,242,9
0:7:41,28,12,199,157
0:7:42,76,91,78,19
0:7:43,26,224,38,211
0:7:43,130,254,140,211
0:7:44,145,15,35,211
0:7:44,162,1,103,27
0:7:45,137,248,250,234
0:7:45,142,224,170,5
0:7:46,220,188,211,93
0:7:46,233,203,223,150
0:7:47,115,238,145,77
0:7:47,131,190,198,113
0:7:48,82,247,0,177
0:7:48,33,16,156,128
0:7:49,232,212,173,51
0:7:49,7,174,245,2
0:7:50,107,107,172,44
0:7:50,175,8,133,9
0:7:51,122,130,16,99
0:7:51,26,92,52,206
0:7:52,236,182,22,34
0:7:52,196,205,176,120
0:7:53,154,186,199,46
0:7:54,120,57,172,64
0:7:54,165,79,233,132
0:7:55,140,79,233,173
0:7:55,213,71,207,142
0:7:55,121,232,136,87
0:7:56,199,234,45,61
0:7:57,28,64,50,137
0:7:57,17,216,87,231
0:7:58,103,7,23,73
0:7:58,246,86,172,84
0:7:59,79,89,152,64
0:7:59,133,215,37,74
0:8:0,44,222,74,59
0:8:0,119,170,35,64
0:8:1,160,76,176,250
0:8:1,148,0,208,45
0:8:2,224,206,65,199
0:8:2,131,47,119,185
0:8:3,181,31,8,223
0:8:4,127,208,200,246
0:8:4,159,97,67,118
0:8:5,214,152,29,63
0:8:5,253,84,234,167
0:8:6,219,194,4,27
0:8:6,98,221,162,104
0:8:7,222,225,110,17
0:8:7,18,129,78,200
0:8:8,232,1,205,107
0:8:8,64,187,81,140
0:8:9,118,94,81,196
0:8:9,230,164,141,204
0:8:10,236,226,182,15
0:8:10,17,122,2,53
0:8:11,141,28,134,143
0:8:11,18,160,2,47
0:8:12,86,191,156,233
0:8:12,80,204,171,26
0:8:13,84,240,137,27
0:8:13,178,30,110,160
0:8:14,14,31,158,78
0:8:14,95,4,176,132
0:8:15,152,119,244,227
0:8:15,170,82,229,100
0:8:16,22,48,81,4
0:8:16,77,244,211,175
0:8:17,140,195,216,176
0:8:17,186,108,31,129
0:8:18,90,184,201,242
0:8:19,111,231,199,47
0:8:19,2,189,171,34
0:8:20,14,182,25,137
0:8:20,209,111,60,145
0:8:21,54,89,128,102
0:8:21,104,58,46,116
0:8:22,235,185,9,172
0:8:22,11,32,217,26
0:8:23,157,157,151,176
0:8:23,223,110,241,61
0:8:24,215,154,210,144
0:8:24,235,41,87,17
0:8:25,28,127,108,241
0:8:26,100,235,128,226
0:8:26,223,225,16,145
0:8:27,229,185,123,121
0:8:27,95,99,72,96
0:8:28,151,191,212,86
0:8:28,113,146,188,45
0:8:29,191,145,179,37
0:8:29,144,168,85,230
0:8:30,33,97,67,10
0:8:30,32,77,129,231
0:8:31,59,5,182,97
0:8:31,54,46,159,71
0:8:32,72,201,126,81
0:8:32,229,102,246,244
0:8:33,105,86,17,181
0:8:33,130,156,44,19
0:8:34,13,230,127,234
0:8:34,115,217,233,59
0:8:35,197,64,106,246
0:8:35,251,135,204,235
0:8:36,41,254,18,27
0:8:36,206,1,204,245
0:8:37,228,70,206,143
0:8:38,92,155,94,127
0:8:38,58,177,153,151
0:8:39,199,188,24,60
0:8:39,69,235,208,240
0:8:40,199,7,202,139
0:8:40,29,100,96,107
0:8:41,146,253,129,28
0:8:41,114,122,165,121
0:8:42,27,171,84,149
0:8:42,10,89,125,145
0:8:43,228,55,90,194
0:8:44,250,76,154,178
0:8:44,217,207,31,178
0:8:45,25,136,213,237
0:8:45,76,48,238,22
0:8:46,44,115,19,174
0:8:46,153,92,253,58
0:8:47,6,194,35,199
0:8:47,210,231,226,189
0:8:48,166,81,214,126
0:8:48,191,108,55,199
0:8:49,14,250,134,161
0:8:49,106,8,46,169
0:8:50,93,48,243,132
0:8:50,249,206,153,99
0:8:51,96,195,50,100
0:8:51,32,80,28,129
0:8:52,105,195,92,234
0:8:52,207,18,223,205
0:8:53,234,246,250,211
0:8:53,127,60,240,201
0:8:54,189,67,229,8
0:8:54,113,138,47,177
0:8:55,80,136,243,170
0:8:55,248,38,89,222
0:8:56,155,151,21,71
0:8:56,122,41,44,185
0:8:57,162,36,0,177
0:8:57,9,82,10,228
0:8:58,132,25,99,67
0:8:58,163,125,114,106
0:8:59,227,44,131,74
0:8:59,90,62,253,154
0:9:0,179,226,174,34
0:9:0,190,207,80,79
0:9:1,63,154,97,154
0:9:1,254,198,151,84
0:9:2,156,79,84,75
0:9:2,8,175,195,19
0:9:3,113,242,43,185
0:9:3,44,72,178,156
0:9:4,45,181,98,141
0:9:4,162,231,251,27
0:9:5,240,24,66,81
0:9:5,40,56,208,59
0:9:6,2,13,147,221
0:9:6,30,235,60,97
0:9:7,10,129,4,49
0:9:7,55,8,130,250
0:9:8,144,248,224,204
0:9:8,157,189,251,222
0:9:9,218,214,124,198
0:9:9,103,120,245,67
0:9:10,43,101,253,0
0:9:10,204,25,140,137
0:9:11,119,64,27,185
0:9:11,25,96,31,221
0:9:12,61,117,225,150
0:9:12,107,110,230,142
0:9:13,64,189,104,21
0:9:13,149,38,57,156
0:9:14,191,88,184,158
0:9:14,231,221,53,33
0:9:15,168,212,83,20
0:9:15,180,103,120,30
0:9:16,13,106,25,138
0:9:16,224,65,249,187
0:9:17,88,210,210,19
0:9:17,102,238,217,251
0:9:18,13,142,76,243
0:9:18,172,143,90,236
0:9:19,209,176,87,115
0:9:19,212,59,50,217
0:9:20,227,149,163,117
0:9:20,247,47,180,144
0:9:21,144,162,133,86
0:9:21,52,208,198,163
0:9:22,134,138,134,176
0:9:22,247,10,88,114
0:9:23,22,71,105,242
0:9:23,220,141,77,90
0:9:24,177,175,143,55
0:9:24,214,197,158,36
0:9:25,57,121,253,112
0:9:25,28,115,201,2
0:9:26,174,175,110,206
0:9:26,116,120,74,252
0:9:27,63,22,51,65
0:9:27,132,246,223,100
0:9:28,158,145,52,171
0:9:28,252,224,73,126
0:9:29,201,89,228,249
0:9:29,233,92,225,31
0:9:30,183,70,145,199
0:9:30,46,244,4,49
0:9:31,39,246,189,17
0:9:31,19,32,165,50
0:9:32,251,81,208,114
0:9:32,231,57,194,251
0:9:33,9,52,78,102
0:9:33,207,189,96,71
0:9:34,33,148,242,81
0:9:34,182,133,103,89
0:9:35,182,62,244,191
0:9:35,42,162,147,2
0:9:36,143,28,148,225
0:9:36,124,9,229,75
0:9:37,117,4,95,15
0:9:37,64,236,9,230
0:9:38,143,81,109,80
0:9:38,139,221,176,133
0:9:39,66,46,22,185
0:9:39,115,25,245,94
0:9:40,182,25,153,134
0:9:40,164,208,32,30
0:9:41,69,128,234,113
0:9:41,209,120,174,138
0:9:42,37,40,38,234
0:9:42,115,145,29,4
0:9:43,124,244,135,181
0:9:43,84,59,200,18
0:9:44,22,28,6,55
0:9:44,111,15,81,105
0:9:45,65,206,57,161
0:9:45,69,205,241,151
0:9:46,47,62,70,87
0:9:46,72,81,75,245
0:9:47,115,49,29,119
0:9:47,167,114,221,77
0:9:48,181,247,147,239
0:9:48,129,205,6,217
0:9:49,209,167,165,171
0:9:49,65,43,35,243
0:9:50,239,174,48,216
0:9:50,109,181,50,218
0:9:51,231,247,235,75
0:9:51,129,33,84,117
0:9:52,203,93,128,187
0:9:52,87,224,229,205
0:9:53,55,67,26,145
0:9:53,112,78,135,143
0:9:54,12,184,123,81
0:9:54,143,154,215,16
0:9:55,54,248,190,122
0:9:55,46,176,164,88
0:9:56,137,254,177,188
0:9:56,56,187,153,235
0:9:57,26,124,61,203
0:9:57,35,248,254,87
0:9:58,178,159,57,157
0:9:58,133,234,86,166
0:9:59,109,204,102,99
0:9:59,145,136,67,161
0:10:0,23,149,251,99
0:10:0,169,35,202,19
0:10:1,224,219,35,52
0:10:1,99,247,199,64
0:10:2,52,109,142,184
0:10:2,76,216,204,12
0:10:3,124,46,85,66
0:10:3,78,215,134,116
0:10:4,165,84,116,241
0:10:4,144,239,67,169
0:10:5,39,101,215,157
0:10:5,2,116,195,37
0:10:6,91,77,124,239
0:10:6,88,55,55,111
0:10:7,190,184,181,56
0:10:7,187,205,97,244
0:10:8,99,100,178,81
0:10:8,237,24,41,2
0:10:9,29,39,194,86
0:10:9,211,10,188,130
0:10:10,23,80,238,146
0:10:10,229,89,221,55
0:10:11,6,236,191,249
0:10:11,227,84,117,38
0:10:12,121,8,149,65
0:10:12,88,72,4,66
0:10:13,9,77,17,238
0:10:13,108,110,86,43
0:10:14,236,194,183,158
0:10:14,103,2,59,184
0:10:15,183,233,63,119
0:10:15,74,142,156,175
0:10:16,136,159,142,78
0:10:16,168,129,236,94
0:10:17,94,188,87,158
0:10:17,62,205,150,3
0:10:18,85,176,240,70
0:10:18,181,122,64,69
0:10:19,253,85,219,0
0:10:19,65,246,205,186
0:10:20,219,79,227,50
0:10:20,105,188,46,190
0:10:21,223,222,1,18
0:10:21,78,3,24,171
0:10:22,141,246,1,244
0:10:22,208,136,92,129
0:10:23,247,184,24,189
0:10:23,137,186,17,119
0:10:24,98,108,54,216
0:10:24,143,251,189,50
0:10:25,9,185,94,41
0:10:25,96,249,95,208
0:10:26,36,247,35,89
0:10:26,177,161,163,59
0:10:27,128,135,243,154
0:10:27,238,10,87,152
0:10:28,160,193,128,224
0:10:28,81,86,235,191
0:10:29,43,41,3,34
0:10:29,114,197,211,210
0:10:30,117,145,187,215
0:10:30,50,208,157,228
0:10:31,124,109,15,99
0:10:31,29,8,126,66
0:10:32,252,54,79,51
0:10:32,2,61,11,58
0:10:33,243,216,69,160
0:10:33,55,254,133,250
0:10:34,27,77,124,121
0:10:35,158,140,240,153
0:10:35,109,184,105,253
0:10:36,44,71,252,16
0:10:36,84,248,70,184
0:10:36,240,103,94,136
0:10:37,180,27,121,159
0:10:38,160,193,79,28
0:10:39,75,49,182,1
0:10:39,75,60,180,60
0:10:40,212,229,180,132
0:10:40,129,228,185,217
0:10:42,242,198,75,123
0:10:42,47,28,253,222
0:10:43,235,162,10,17
0:10:44,109,181,115,105
0:10:45,141,170,138,59
0:10:45,212,25,16,74
0:10:46,21,27,66,191
0:10:46,79,54,182,210
0:10:47,86,85,77,217
0:10:47,139,57,240,50
0:10:48,144,109,101,219
0:10:49,111,169,52,109
0:10:49,92,190,147,213
0:10:50,44,108,224,190
0:10:50,66,92,213,213
0:10:50,212,30,15,234
0:10:51,221,182,131,58
0:10:52,169,48,141,239
0:10:52,105,38,224,1
0:10:53,172,139,180,50
0:10:53,10,138,235,146
0:10:55,185,200,226,232
0:10:55,60,52,80,62
0:10:56,144,34,20,209
0:10:57,142,156,125,101
0:10:57,234,162,64,156
0:10:58,131,22,37,221
0:10:58,93,70,216,145
0:10:59,169,217,70,35
0:10:59,81,0,100,116
0:11:0,84,44,241,33
0:11:0,112,80,188,70
0:11:1,193,176,60,146
0:11:2,232,79,113,247
0:11:2,29,108,25,197
0:11:3,10,168,117,144
0:11:3,117,83,0,234
0:11:4,39,128,252,168
0:11:4,254,97,87,33
0:11:5,67,183,34,211
0:11:5,70,38,141,116
0:11:6,204,169,100,18
0:11:6,201,93,112,175
0:11:7,135,92,126,123
0:11:7,72,227,154,182
0:11:8,32,171,99,25
0:11:9,11,22,103,83
0:11:9,107,80,171,56
0:11:10,111,171,40,30
0:11:10,234,138,135,83
0:11:11,207,128,127,82
0:11:11,169,9,111,90
0:11:12,11,111,34,245
0:11:12,169,83,69,29
0:11:13,146,97,140,78
0:11:14,241,129,104,25
0:11:14,135,146,164,77
0:11:15,159,30,98,254
0:11:15,43,129,115,114
0:11:15,52,180,171,252
0:11:17,205,34,227,222
0:11:17,173,200,55,179
0:11:18,182,193,20,18
0:11:18,185,187,94,47
0:11:20,151,70,129,65
0:11:21,27,137,62,28
0:11:21,98,215,190,77
0:11:22,105,9,124,250
0:11:23,79,169,73,92
0:11:24,200,220,167,4
0:11:24,36,146,247,70
0:11:25,85,81,153,74
0:11:25,85,158,235,55
0:11:25,227,131,235,224
0:11:26,103,13,58,202
0:11:26,21,209,98,44
0:11:27,197,251,216,189
0:11:28,136,9,232,67
0:11:28,170,125,230,103
0:11:28,111,122,50,149
0:11:32,201,41,184,171
0:11:32,248,240,112,239
0:11:33,123,18,84,69
0:11:33,131,226,124,147
0:11:34,5,108,143,189
0:11:34,88,4,59,211
0:11:35,67,233,221,79
0:11:35,242,121,210,212
0:11:36,144,18,110,127
0:11:36,130,83,115,58
0:11:37,106,213,115,93
0:11:37,69,220,56,160
0:11:38,169,150,186,220
0:11:39,31,39,107,172
0:11:39,186,199,189,64
0:11:40,229,158,236,167
0:11:40,64,145,198,204
0:11:41,52,74,130,26
0:11:41,177,10,93,183
0:11:42,52,115,53,221
0:11:42,112,82,77,68
0:11:43,179,16,205,142
0:11:43,164,7,8,171
0:11:44,102,252,91,52
0:11:44,33,220,119,1
0:11:45,79,232,145,90
0:11:46,170,195,250,102
0:11:46,161,21,127,90
0:11:47,190,28,238,48
0:11:47,212,118,67,24
0:11:49,35,37,129,218
0:11:49,76,0,20,2
0:11:50,78,204,24,57
0:11:51,150,33,183,127
0:11:54,159,165,231,107
0:11:54,103,135,148,112
0:11:56,175,165,131,135
0:11:57,79,198,96,98
0:11:58,88,49,35,96
0:11:58,216,141,58,26
0:12:0,222,130,146,126
0:12:0,39,92,111,149
0:12:1,173,158,176,250
0:12:1,151,14,120,107
0:12:2,43,77,121,173
0:12:3,87,4,40,84
0:12:4,57,132,223,247
0:12:5,77,126,241,216
0:12:5,126,165,181,31
0:12:6,188,155,217,204
0:12:7,215,57,107,164
0:12:8,207,122,153,12
0:12:8,32,15,146,106
0:12:10,165,23,117,254
0:12:10,130,163,15,60
0:12:12,82,111,216,217
0:12:12,196,158,16,217
0:12:13,183,94,246,55
0:12:14,222,156,126,181
0:12:14,25,97,151,10
0:12:15,219,68,213,240
0:12:16,125,105,204,77
0:12:16,152,67,172,140
0:12:17,3,201,22,75
0:12:17,65,199,123,238
0:12:18,173,37,79,68
0:12:19,79,144,232,19
0:12:19,67,64,129,248
0:12:20,165,87,94,169
0:12:22,92,185,241,31
0:12:22,86,132,157,193
0:12:23,225,218,115,175
0:12:23,216,165,206,84
0:12:24,156,104,20,240
0:12:25,27,169,58,223
0:12:25,15,18,57,86
0:12:26,50,40,172,103
0:12:27,53,253,180,183
0:12:27,29,4,31,119
0:12:28,154,31,209,207
0:12:28,53,192,121,93
0:12:29,68,141,198,209
0:12:30,123,174,178,73
0:12:30,113,231,114,190
0:12:31,181,203,107,165
0:12:31,73,164,190,158
0:12:31,186,170,4,159
0:12:32,108,137,220,106
0:12:33,125,179,10,130
0:12:34,4,239,153,39
0:12:34,139,25,177,67
0:12:34,166,77,64,52
0:12:35,161,8,131,212
0:12:36,190,186,41,70
0:12:36,181,94,189,89
0:12:37,170,177,49,105
0:12:38,28,79,133,42
0:12:38,198,152,43,160
0:12:39,134,217,208,221
0:12:39,88,152,82,246
0:12:40,139,234,78,207
0:12:40,176,153,26,239
0:12:41,156,57,143,251
0:12:42,202,106,151,145
0:12:42,156,244,227,118
0:12:43,242,112,169,205
0:12:43,154,230,42,74
0:12:44,179,138,8,245
0:12:44,168,62,54,231
0:12:45,93,91,109,209
0:12:46,15,9,248,92
0:12:46,109,106,52,177
0:12:47,92,84,237,148
0:12:47,86,167,239,6
0:12:48,200,143,16,6
0:12:48,253,223,78,159
0:12:49,152,217,251,252
0:12:49,121,53,157,142
0:12:50,133,140,76,90
0:12:50,110,228,62,38
0:12:51,194,144,72,100
0:12:52,56,159,191,246
0:12:52,74,40,39,126
0:12:53,41,153,116,196
0:12:53,215,229,222,67
0:12:54,166,123,67,171
0:12:54,110,22,47,140
0:12:55,138,123,122,59
0:12:56,166,95,187,196
0:12:56,240,159,56,59
0:12:57,142,102,57,97
0:12:58,87,77,154,212
0:12:58,28,44,19,243
0:12:58,177,80,164,91
0:12:59,115,15,222,54
0:12:59,85,177,177,236
0:13:0,60,127,254,201
0:13:1,172,120,90,81
0:13:1,252,36,42,233
0:13:2,153,72,94,93
0:13:2,131,16,163,153
0:13:3,238,110,252,114
0:13:4,116,183,158,136
0:13:4,98,188,29,75
0:13:5,141,47,158,75
0:13:5,213,10,50,32
0:13:6,66,253,205,34
0:13:6,137,207,51,194
0:13:7,148,29,66,43
0:13:7,73,20,78,157
0:13:8,138,166,18,86
0:13:8,45,208,185,128
0:13:9,124,175,64,15
0:13:9,201,150,153,20
0:13:10,1,48,3,200
0:13:11,226,236,170,106
0:13:11,105,218,230,25
0:13:12,37,45,131,158
0:13:12,4,168,106,72
0:13:13,208,42,182,190
0:13:13,47,31,168,76
0:13:14,208,85,144,148
0:13:14,66,63,134,47
0:13:15,0,201,170,156
0:13:15,11,224,207,35
0:13:16,29,158,180,37
0:13:17,74,151,214,27
0:13:17,164,20,113,102
0:13:18,17,104,200,57
0:13:18,46,2,30,105
0:13:19,112,154,139,210
0:13:19,100,195,248,124
0:13:20,62,244,23,41
0:13:21,219,223,195,249
0:13:21,67,101,61,199
0:13:22,160,81,81,151
0:13:22,121,139,192,192
0:13:23,169,173,146,147
0:13:23,49,163,228,252
0:13:24,237,126,113,37
0:13:24,142,240,35,226
0:13:25,40,124,164,89
0:13:25,143,12,102,177
0:13:26,124,101,213,32
0:13:26,190,200,151,111
0:13:27,12,79,142,117
0:13:28,41,130,101,138
0:13:28,36,209,207,129
0:13:29,9,49,184,228
0:13:29,32,10,99,190
0:13:30,149,123,201,175
0:13:30,188,77,251,187
0:13:31,121,66,144,67
0:13:32,149,243,63,182
0:13:32,138,73,106,100
0:13:33,122,232,42,30
0:13:33,27,219,198,34
0:13:34,235,241,201,253
0:13:34,223,6,43,56
0:13:35,6,222,163,174
0:13:35,6,167,160,209
0:13:36,173,120,56,91
0:13:36,204,66,243,99
0:13:36,111,110,5,130
0:13:38,207,189,160,17
0:13:38,68,202,29,37
0:13:38,115,151,67,186
0:13:39,196,94,231,108
0:13:40,211,10,69,240
0:13:40,208,49,157,235
0:13:41,118,179,7,176
0:13:41,43,55,12,210
0:13:42,2,125,195,164
0:13:42,181,33,153,4
0:13:43,88,47,7,246
0:13:43,196,222,253,184
0:13:44,48,238,87,32
0:13:45,66,198,236,230
0:13:45,70,40,189,169
0:13:46,82,105,127,198
0:13:46,5,114,73,71
0:13:47,210,96,74,138
0:13:47,85,132,18,0
0:13:48,225,67,106,153
0:13:48,212,161,83,45
0:13:49,246,244,172,245
0:13:49,239,118,58,7
0:13:50,0,125,224,73
0:13:50,66,187,239,16
0:13:51,16,91,12,4
0:13:51,245,188,159,112
0:13:52,225,162,166,150
0:13:52,55,206,121,20
0:13:53,54,114,240,109
0:13:53,57,228,210,209
0:13:54,193,57,235,74
0:13:54,27,228,68,105
0:13:55,128,55,250,78
0:13:55,90,133,30,61
0:13:56,238,226,188,130
0:13:56,54,87,233,139
0:13:57,36,176,213,55
0:13:57,221,86,238,85
0:13:58,4,59,88,45
0:13:58,176,192,47,126
0:13:59,35,129,105,40
0:13:59,227,201,197,120
0:14:0,229,180,148,78
0:14:0,30,167,209,134
0:14:1,7,0,23,166
0:14:1,59,97,139,74
0:14:2,103,78,86,184
0:14:2,163,89,200,175
0:14:3,209,9,239,179
0:14:3,218,232,155,63
0:14:4,30,135,66,186
0:14:4,12,134,141,104
0:14:5,194,219,112,180
0:14:5,128,93,64,63
0:14:6,103,13,22,174
0:14:7,37,130,24,76
0:14:7,80,192,70,117
0:14:7,240,156,238,235
0:14:8,102,184,17,42
0:14:8,234,40,3,80
0:14:9,38,123,37,57
0:14:9,163,87,167,64
0:14:10,115,252,163,14
0:14:10,12,173,13,5
0:14:11,72,205,1,6
0:14:11,110,32,83,86
0:14:12,167,217,96,62
0:14:12,95,221,61,211
0:14:13,5,183,39,209
0:14:13,4,130,158,22
0:14:14,65,139,199,144
0:14:14,78,236,47,222
0:14:15,241,140,1,21
0:14:15,155,6,57,137
0:14:16,212,43,93,138
0:14:16,160,226,138,208
0:14:17,205,146,158,176
0:14:17,130,244,248,175
0:14:18,131,107,8,148
0:14:18,81,11,223,251
0:14:19,64,46,53,229
0:14:19,123,130,226,176
0:14:20,52,246,23,205
0:14:20,183,177,154,50
0:14:21,252,200,222,35
0:14:21,113,237,247,92
0:14:22,121,207,179,28
0:14:22,122,213,224,50
0:14:23,7,144,152,108
0:14:23,118,157,206,220
0:14:24,232,107,3,206
0:14:24,192,119,232,82
0:14:25,109,241,165,78
0:14:25,214,251,191,195
0:14:26,132,254,137,248
0:14:26,167,171,212,20
0:14:27,66,175,117,203
0:14:27,142,227,53,69
0:14:28,124,240,198,239
0:14:28,131,35,33,179
0:14:29,120,146,173,199
0:14:29,75,55,25,19
0:14:30,169,152,1,112
0:14:31,121,73,151,15
0:14:31,74,37,216,91
0:14:31,207,88,212,201
0:14:32,61,136,221,241
0:14:32,103,176,136,198
0:14:33,245,65,248,124
0:14:33,142,31,54,1
0:14:34,173,225,142,45
0:14:34,39,10,90,143
0:14:35,158,53,12,5
0:14:35,213,244,82,228
0:14:36,230,85,200,249
0:14:36,18,213,53,194
0:14:37,41,150,106,20
0:14:37,206,220,237,201
0:14:38,90,216,90,240
0:14:38,185,215,63,7
0:14:39,40,31,27,188
0:14:39,86,1,190,101
0:14:40,181,132,119,217
0:14:40,109,133,166,164
0:14:41,33,172,149,233
0:14:41,248,124,48,192
0:14:42,191,173,211,82
0:14:42,205,20,216,177
0:14:43,154,26,243,126
0:14:43,210,201,70,199
0:14:44,38,95,109,83
0:14:44,27,102,84,129
0:14:45,177,95,136,86
0:14:46,150,140,221,200
0:14:46,171,137,1,53
0:14:46,75,117,101,192
0:14:47,104,218,28,1
0:14:47,79,64,200,51
0:14:48,62,118,209,85
0:14:48,229,196,150,237
0:14:49,29,60,169,134
0:14:49,128,56,79,153
0:14:50,91,229,28,166
0:14:50,101,56,223,16
0:14:51,223,242,104,209
0:14:51,142,246,196,95
0:14:52,34,30,149,169
0:14:52,146,34,231,131
0:14:53,216,47,61,179
0:14:53,149,166,106,155
0:14:54,26,29,238,38
0:14:54,195,181,148,159
0:14:55,166,13,200,84
0:14:55,196,247,244,50
0:14:56,111,69,108,55
0:14:56,200,141,136,204
0:14:57,118,227,81,139
0:14:57,126,11,131,214
0:14:58,8,16,47,35
0:14:58,89,252,86,160
0:14:59,124,92,82,99
0:14:59,9,83,94,188
0:15:0,173,89,235,205
0:15:1,207,238,0,115
0:15:1,153,170,204,184
0:15:1,170,94,19,171
0:15:2,215,82,204,189
0:15:2,243,124,199,165
0:15:3,195,189,124,53
0:15:3,212,96,34,195
0:15:4,93,138,236,218
0:15:4,122,93,91,175
0:15:5,226,51,182,29
0:15:5,7,13,199,187
0:15:6,60,14,96,18
0:15:6,221,251,217,80
0:15:7,110,204,107,237
0:15:7,192,53,146,130
0:15:8,123,14,37,108
0:15:8,200,246,184,205
0:15:9,115,133,76,103
0:15:9,237,98,20,196
0:15:10,36,115,246,8
0:15:11,152,185,173,39
0:15:11,203,108,184,66
0:15:12,170,111,121,48
0:15:12,152,155,16,62
0:15:13,217,50,123,143
0:15:13,79,154,51,182
0:15:13,13,61,213,79
0:15:14,207,35,224,220
0:15:14,28,237,133,155
0:15:15,12,24,205,206
0:15:15,175,243,41,1
0:15:16,165,215,177,240
0:15:16,132,159,141,157
0:15:17,168,80,111,57
0:15:17,209,131,93,205
0:15:18,103,12,244,159
0:15:19,187,254,123,69
0:15:19,233,88,67,55
0:15:20,186,35,6,205
0:15:20,133,222,125,198
0:15:21,125,227,132,243
0:15:21,175,90,96,35
0:15:22,105,48,88,98
0:15:22,98,92,89,55
0:15:22,216,13,249,74
0:15:23,62,151,209,59
0:15:24,165,103,181,24
0:15:24,40,82,13,251
0:15:24,216,89,146,33
0:15:25,138,5,216,175
0:15:25,171,140,185,89
0:15:26,140,95,193,120
0:15:26,108,164,149,38
0:15:27,219,139,138,2
0:15:27,187,21,119,23
0:15:28,52,47,197,38
0:15:28,147,145,237,170
0:15:29,204,63,202,225
0:15:30,156,205,173,3
0:15:30,60,180,203,78
0:15:31,216,244,5,68
0:15:31,105,25,18,36
0:15:32,40,55,20,89
0:15:32,90,24,15,59
0:15:33,240,252,224,36
0:15:33,20,24,248,43
0:15:34,234,152,129,105
0:15:34,67,204,55,50
0:15:34,24,45,55,117
0:15:35,163,38,34,71
0:15:35,28,196,0,68
0:15:36,58,130,14,25
0:15:36,127,251,20,117
0:15:37,70,189,10,170
0:15:37,129,241,182,181
0:15:38,103,182,214,147
0:15:38,236,35,216,112
0:15:39,220,195,5,87
0:15:40,235,94,242,53
0:15:40,98,249,104,199
0:15:40,138,220,136,121
0:15:41,176,8,216,105
0:15:42,254,223,6,220
0:15:42,191,111,207,164
0:15:43,141,3,210,174
0:15:43,249,190,185,119
0:15:44,58,51,49,38
0:15:44,212,220,191,157
0:15:45,158,98,191,227
0:15:45,184,240,166,237
0:15:46,220,126,136,71
0:15:46,21,165,7,33
0:15:46,3,42,80,108
0:15:47,232,180,190,44
0:15:47,199,113,8,145
0:15:48,99,137,235,45
0:15:48,186,223,43,6
0:15:49,13,92,3,95
0:15:49,117,36,30,251
0:15:50,84,231,84,63
0:15:51,35,194,203,243
0:15:51,61,198,67,165
0:15:52,241,1,37,249
0:15:52,185,238,57,248
0:15:53,162,231,96,26
0:15:53,156,181,51,3
0:15:54,143,98,50,23
0:15:54,88,110,138,94
0:15:54,63,95,150,155
0:15:55,52,241,226,87
0:15:55,158,45,175,247
0:15:56,146,62,123,77
0:15:56,30,123,170,1
0:15:57,43,216,5,158
0:15:57,246,34,39,11
0:15:58,224,154,199,17
0:15:58,230,162,91,225
0:15:59,22,145,29,86
0:16:0,56,244,30,82
0:16:0,185,19,177,4
0:16:1,154,33,188,190
0:16:1,61,17,41,100
0:16:2,142,116,168,247
0:16:2,134,53,17,0
0:16:3,42,20,4,159
0:16:3,133,61,139,126
0:16:4,161,254,53,236
0:16:4,99,241,181,159
0:16:5,230,134,185,19
0:16:5,21,198,37,228
0:16:5,54,198,81,194
0:16:6,4,157,5,5
0:16:6,158,55,140,10
0:16:7,101,60,1,19
0:16:7,53,155,184,92
0:16:8,205,214,184,199
0:16:8,203,22,240,44
0:16:9,27,76,230,185
0:16:9,39,170,116,70
0:16:10,90,47,222,78
0:16:11,174,11,181,17
0:16:11,90,145,104,28
0:16:12,84,84,99,192
0:16:12,0,61,77,234
0:16:13,157,51,147,7
0:16:13,245,36,224,82
0:16:13,4,135,152,154
0:16:14,176,211,97,182
0:16:14,91,22,4,12
0:16:15,246,220,55,119
0:16:16,44,181,24,65
0:16:16,122,195,171,114
0:16:16,162,116,145,254
0:16:17,33,109,251,15
0:16:17,47,132,211,56
0:16:18,190,213,215,138
0:16:18,250,191,231,154
0:16:19,191,9,199,203
0:16:19,95,41,124,207
0:16:20,224,78,64,221
0:16:21,186,214,16,145
0:16:21,195,215,69,26
0:16:22,149,214,130,185
0:16:22,226,90,98,185
0:16:23,43,113,104,86
0:16:23,91,154,34,251
0:16:23,146,81,250,5
0:16:24,217,29,86,138
0:16:24,231,231,148,82
0:16:25,241,146,135,38
0:16:25,252,248,244,233
0:16:26,246,68,236,46
0:16:26,185,122,222,224
0:16:27,87,235,158,160
0:16:27,16,97,245,77
0:16:28,161,128,94,236
0:16:28,55,127,226,103
0:16:29,20,199,71,23
0:16:29,44,124,183,233
0:16:30,98,79,18,251
0:16:30,31,114,15,101
0:16:31,49,28,64,174
0:16:32,155,45,105,29
0:16:32,115,170,77,166
0:16:33,230,182,106,74
0:16:33,27,228,133,239
0:16:34,90,86,116,68
0:16:34,226,148,40,97
0:16:34,235,119,205,116
0:16:35,215,134,206,108
0:16:35,240,245,41,84
0:16:36,123,66,94,224
0:16:36,72,16,174,178
0:16:37,80,240,127,43
0:16:37,60,65,68,8
0:16:38,238,188,102,91
0:16:38,129,224,118,57
0:16:39,41,133,81,37
0:16:39,121,91,11,93
0:16:40,43,240,228,138
0:16:40,140,83,77,58
0:16:41,252,193,212,15
0:16:42,157,231,6,3
0:16:42,25,125,160,216
0:16:43,100,107,29,123
0:16:43,77,7,4,142
0:16:44,49,176,228,52
0:16:44,93,115,31,250
0:16:44,210,139,73,236
0:16:45,69,130,158,232
0:16:46,101,253,234,16
0:16:47,29,81,212,200
0:16:47,100,251,251,181
0:16:48,207,224,74,63
0:16:48,28,129,161,0
0:16:49,148,170,68,133
0:16:49,44,96,107,2
0:16:50,2,134,2,182
0:16:51,204,177,190,135
0:16:51,95,151,232,121
0:16:52,111,67,185,156
0:16:52,198,225,51,191
0:16:53,91,150,77,5
0:16:53,208,210,213,179
0:16:54,184,172,175,250
0:16:54,240,102,94,184
0:16:55,155,93,236,227
0:16:56,128,177,152,61
0:16:56,126,203,244,66
0:16:57,237,180,15,133
0:16:57,250,209,10,245
0:16:58,161,24,67,50
0:16:58,248,183,13,76
0:16:59,40,211,101,89
0:16:59,72,111,33,213
0:17:0,156,33,70,232
0:17:0,240,216,97,159
0:17:1,99,40,209,195
0:17:2,14,105,137,124
0:17:2,151,169,83,2
0:17:3,151,12,49,51
0:17:4,76,239,78,106
0:17:4,33,47,235,217
0:17:5,170,86,134,73
0:17:5,145,216,56,233
0:17:5,245,5,140,238
0:17:6,90,177,203,149
0:17:7,97,209,154,36
0:17:7,26,104,198,55
0:17:8,95,167,199,96
0:17:8,169,121,98,39
0:17:9,89,251,116,171
0:17:9,60,160,205,97
0:17:10,175,34,223,166
0:17:10,7,246,183,70
0:17:11,206,241,239,151
0:17:12,228,88,172,140
0:17:12,55,25,242,21
0:17:13,219,163,83,104
0:17:13,6,175,50,85
0:17:14,30,41,25,234
0:17:14,218,166,34,22
0:17:15,62,20,202,238
0:17:15,154,233,39,29
0:17:16,105,208,189,11
0:17:17,6,224,238,20
0:17:17,115,13,215,166
0:17:18,220,103,165,212
0:17:19,187,101,211,147
0:17:19,1,42,125,46
0:17:20,235,137,208,21
0:17:20,180,232,102,62
0:17:21,14,95,15,42
0:17:21,229,2,136,170
0:17:22,250,253,221,148
0:17:22,3,122,100,122
0:17:23,9,124,47,110
0:17:23,58,158,10,91
0:17:24,252,74,34,167
0:17:24,57,48,21,88
0:17:25,162,97,202,94
0:17:25,181,209,56,53
0:17:26,102,20,59,149
0:17:26,116,247,208,17
0:17:27,134,68,8,102
0:17:28,51,140,3,0
0:17:28,155,84,58,57
0:17:29,4,132,173,244
0:17:29,153,247,70,223
0:17:30,194,72,38,8
0:17:30,145,78,233,39
0:17:31,165,216,235,128
0:17:32,158,83,133,156
0:17:32,173,57,132,217
0:17:33,17,199,238,133
0:17:33,60,113,148,18
0:17:34,17,45,125,20
0:17:34,113,162,202,131
0:17:35,81,159,235,235
0:17:36,100,142,89,143
0:17:36,29,191,200,97
0:17:37,189,71,65,176
0:17:37,29,232,78,123
0:17:38,239,53,95,245
0:17:38,73,168,173,82
0:17:39,175,237,163,200
0:17:39,7,0,180,12
0:17:40,1,132,186,35
0:17:41,103,209,237,48
0:17:41,84,129,48,6
0:17:42,153,173,110,243
0:17:42,111,25,209,210
0:17:43,156,194,111,116
0:17:44,198,33,33,254
0:17:44,87,16,209,75
0:17:44,91,120,211,210
0:17:45,78,245,174,168
0:17:46,43,139,55,119
0:17:46,205,94,181,211
0:17:47,125,126,210,101
0:17:48,108,248,63,181
0:17:48,70,132,212,204
0:17:48,159,82,175,75
0:17:49,188,247,130,145
0:17:50,73,38,19,119
0:17:50,251,74,153,194
0:17:51,145,150,26,171
0:17:52,133,26,159,254
0:17:52,136,94,20,24
0:17:52,26,151,23,111
0:17:53,18,189,62,8
0:17:53,29,111,45,48
0:17:54,111,127,35,32
0:17:55,104,94,132,230
0:17:55,105,69,83,104
0:17:55,19,1,128,71
0:17:56,40,73,56,183
0:17:57,141,132,145,183
0:17:58,60,240,55,110
0:17:58,234,117,247,230
0:17:58,185,49,176,157
0:17:59,133,107,120,140
0:17:59,103,121,61,12
0:18:0,13,128,19,0
0:18:0,61,211,150,45
0:18:1,175,50,238,108
0:18:2,143,244,152,160
0:18:2,11,166,1,153
0:18:3,202,5,20,168
0:18:4,7,197,184,181
0:18:4,112,106,69,78
0:18:5,57,0,192,212
0:18:5,162,115,203,178
0:18:6,11,77,70,240
0:18:6,143,84,152,187
0:18:7,151,10,30,130
0:18:8,177,236,32,119
0:18:8,90,80,61,149
0:18:9,204,81,253,168
0:18:9,118,237,60,235
0:18:9,15,157,202,205
0:18:10,216,49,127,253
0:18:10,91,199,173,131
0:18:11,230,68,13,132
0:18:11,136,21,95,160
0:18:12,202,23,37,127
0:18:13,108,75,250,79
0:18:13,95,110,111,219
0:18:14,152,37,32,229
0:18:14,64,210,50,196
0:18:15,133,58,240,253
0:18:15,144,28,211,131
0:18:16,11,66,165,80
0:18:16,215,11,82,16
0:18:17,207,73,42,61
0:18:17,77,18,33,32
0:18:18,65,83,254,168
0:18:18,45,214,20,232
0:18:18,169,4,6,176
0:18:19,149,229,204,150
0:18:20,99,89,12,68
0:18:20,34,251,82,43
0:18:20,154,197,198,105
0:18:21,100,10,33,165
0:18:21,166,241,235,51
0:18:22,5,208,18,22
0:18:22,193,22,156,54
0:18:23,210,144,6,218
0:18:24,14,14,115,185
0:18:24,225,165,171,150
0:18:25,220,253,73,56
0:18:25,53,2,221,243
0:18:26,226,173,46,90
0:18:26,226,36,121,204
0:18:26,240,82,55,208
0:18:27,250,205,105,53
0:18:27,5,136,70,234
0:18:28,189,194,20,63
0:18:28,163,55,49,154
0:18:29,36,12,163,82
0:18:29,222,122,233,16
0:18:30,143,143,71,97
0:18:30,206,169,143,216
0:18:32,27,46,85,106
0:18:32,8,6,160,114
0:18:32,95,103,32,76
0:18:33,165,125,153,77
0:18:33,167,31,21,220
0:18:34,228,20,220,228
0:18:34,140,85,54,167
0:18:35,188,121,134,54
0:18:35,173,189,141,47
0:18:36,241,88,210,90
0:18:36,250,182,212,177
0:18:37,226,168,20,48
0:18:37,168,155,45,32
0:18:38,119,15,219,1
0:18:38,143,7,163,8
0:18:39,79,177,32,218
0:18:39,215,149,233,125
0:18:40,44,57,230,42
0:18:40,86,101,78,218
0:18:41,237,237,23,58
0:18:41,222,151,143,193
0:18:42,250,229,126,254
0:18:42,140,207,96,150
0:18:43,205,103,152,45
0:18:43,76,18,155,201
0:18:44,119,5,56,17
0:18:44,140,164,21,117
0:18:45,115,104,0,251
0:18:45,177,4,122,192
0:18:46,118,86,68,58
0:18:47,23,197,29,240
0:18:47,146,162,44,75
0:18:47,176,45,221,243
0:18:48,59,155,118,24
0:18:48,7,241,28,134
0:18:49,23,118,22,139
0:18:49,131,201,181,245
0:18:50,52,95,210,89
0:18:50,45,188,186,253
0:18:51,9,187,71,143
0:18:51,126,28,28,104
0:18:52,123,93,78,219
0:18:52,164,61,134,170
0:18:53,225,28,2,142
0:18:53,3,201,87,81
0:18:54,129,249,199,21
0:18:54,148,165,30,11
0:18:55,69,231,215,70
0:18:55,33,242,136,182
0:18:56,213,217,151,228
0:18:56,247,67,80,250
0:18:57,182,156,173,45
0:18:57,194,221,166,69
0:18:58,93,106,182,123
0:18:58,253,233,153,185
0:18:59,248,150,103,150
0:18:59,21,45,97,47
0:19:0,249,43,39,196
0:19:0,236,195,59,253
0:19:1,19,90,211,111
0:19:1,18,239,34,67
0:19:2,16,127,248,230
0:19:2,253,30,130,72
0:19:3,25,144,249,28
0:19:3,177,118,161,116
0:19:4,241,244,58,225
0:19:4,253,87,82,164
0:19:5,108,188,70,130
0:19:5,64,208,157,245
0:19:6,123,51,25,62
0:19:6,51,17,141,159
0:19:7,139,178,177,198
0:19:7,164,94,72,223
0:19:8,118,189,118,176
0:19:8,133,198,63,13
0:19:9,232,86,241,208
0:19:9,116,42,238,22
0:19:10,189,132,55,145
0:19:10,235,121,216,18
0:19:11,78,50,40,37
0:19:11,194,190,241,74
0:19:12,181,45,148,201
0:19:12,245,30,127,160
0:19:13,17,28,8,130
0:19:13,125,109,72,234
0:19:14,28,233,212,95
0:19:14,192,94,226,108
0:19:15,104,124,228,192
0:19:16,61,49,183,14
0:19:16,103,57,250,66
0:19:17,33,42,220,31
0:19:17,235,10,84,134
0:19:18,52,140,60,222
0:19:18,7,61,168,211
0:19:18,188,85,35,30
0:19:19,216,116,11,146
0:19:19,112,5,139,29
0:19:20,111,94,250,83
0:19:20,191,166,55,93
0:19:21,216,75,5,105
0:19:21,60,27,242,72
0:19:22,49,20,117,61
0:19:22,1,107,244,154
0:19:23,91,209,127,33
0:19:24,67,235,4,129
0:19:24,250,69,20,249
0:19:25,72,149,165,187
0:19:25,42,152,241,122
0:19:26,43,107,143,114
0:19:26,90,201,161,51
0:19:27,167,106,159,203
0:19:27,72,200,125,148
0:19:27,33,84,131,139
0:19:28,165,126,129,226
0:19:28,182,147,52,171
0:19:29,88,10,82,195
0:19:29,134,227,160,79
0:19:30,232,92,38,171
0:19:30,111,7,170,118
0:19:31,109,210,223,91
0:19:31,53,129,220,38
0:19:32,170,121,128,247
0:19:33,185,252,236,228
0:19:33,236,54,221,35
0:19:34,103,230,7,242
0:19:34,172,78,183,8
0:19:35,83,213,134,244
0:19:35,19,189,4,123
0:19:35,238,206,13,102
0:19:36,123,201,235,16
0:19:36,26,151,113,65
0:19:37,30,114,83,125
0:19:37,43,35,209,176
0:19:38,74,165,226,17
0:19:38,59,173,172,137
0:19:39,113,234,244,104
0:19:40,139,114,31,40
0:19:40,103,83,183,205
0:19:41,234,47,53,110
0:19:41,69,84,102,166
0:19:42,18,192,215,45
0:19:42,218,183,113,74
0:19:43,38,200,172,240
0:19:43,215,235,99,63
0:19:43,141,199,195,193
0:19:44,57,81,179,171
0:19:44,117,24,10,136
0:19:45,217,119,205,244
0:19:45,2,110,35,138
0:19:47,81,119,217,12
0:19:47,123,159,142,211
0:19:47,78,15,134,35
0:19:48,126,115,196,141
0:19:48,97,181,86,3
0:19:49,193,142,142,21
0:19:49,249,58,35,168
0:19:50,21,72,14,190
0:19:50,248,70,251,85
0:19:51,169,104,125,213
0:19:51,118,56,39,187
0:19:52,109,207,221,183
0:19:52,245,102,56,176
0:19:53,95,15,96,75
0:19:53,156,10,47,39
0:19:54,122,209,74,97
0:19:54,56,217,154,56
0:19:55,195,86,214,109
0:19:55,219,198,112,104
0:19:56,179,114,109,109
0:19:56,79,47,201,179
0:19:57,144,225,173,26
0:19:57,149,63,253,219
0:19:58,200,181,24,155
0:19:58,206,129,45,142
0:19:59,209,51,253,143
0:19:59,247,172,236,214
0:20:0,141,142,114,90
0:20:0,213,43,27,25
0:20:1,236,106,80,55
0:20:2,182,120,80,122
0:20:2,199,175,158,103
0:20:2,235,99,228,22
0:20:3,215,133,166,191
0:20:3,251,34,238,100
0:20:4,65,13,136,181
0:20:4,166,208,118,197
0:20:5,47,113,251,157
0:20:5,75,21,199,164
0:20:6,192,231,222,97
0:20:6,249,19,67,36
0:20:7,23,234,240,105
0:20:7,182,228,40,33
0:20:8,208,123,31,90
0:20:8,191,26,161,221
0:20:9,218,130,204,229
0:20:9,182,244,231,44
0:20:10,246,71,214,245
0:20:10,253,245,3,178
0:20:11,118,157,15,203
0:20:11,60,105,204,2
0:20:12,162,195,169,124
0:20:12,25,157,141,133
0:20:13,209,123,166,72
0:20:13,130,22,59,70
0:20:14,192,75,24,216
0:20:14,49,112,0,2
0:20:15,180,12,61,14
0:20:15,164,104,81,210
0:20:16,10,230,180,225
0:20:17,150,97,181,26
0:20:17,93,42,251,206
0:20:17,151,123,7,233
0:20:18,125,174,215,54
0:20:18,242,171,49,197
0:20:19,6,27,210,55
0:20:19,139,26,75,9
0:20:20,241,152,56,91
0:20:20,156,27,217,95
0:20:21,158,180,83,10
0:20:21,119,133,180,113
0:20:22,59,47,101,89
0:20:22,107,239,219,155
0:20:23,188,126,162,45
0:20:23,215,91,29,149
0:20:24,20,247,225,67
0:20:24,248,9,163,69
0:20:25,133,137,34,157
0:20:25,80,87,10,67
0:20:26,68,240,38,1
0:20:26,28,244,165,137
0:20:27,129,158,9,119
0:20:27,4,254,57,99
0:20:28,141,40,196,131
0:20:28,115,85,254,28
0:20:29,248,198,77,116
0:20:29,193,104,48,42
0:20:30,148,109,37,76
0:20:30,80,26,88,179
0:20:31,194,81,31,110
0:20:32,47,191,77,252
0:20:32,100,239,235,127
0:20:33,218,229,218,110
0:20:33,243,137,218,170
0:20:33,152,91,12,164
0:20:34,69,95,95,11
0:20:35,189,249,219,185
0:20:35,54,41,249,230
0:20:35,239,233,195,174
0:20:36,239,71,243,128
0:20:36,56,99,201,12
0:20:37,165,80,56,169
0:20:37,136,140,168,2
0:20:38,192,157,186,230
0:20:39,228,78,55,126
0:20:39,206,174,30,72
0:20:39,166,10,73,150
0:20:40,31,103,135,185
0:20:41,194,230,100,84
0:20:41,122,189,9,74
0:20:42,201,67,108,185
0:20:42,167,197,77,80
0:20:43,6,157,37,57
0:20:43,123,52,190,192
0:20:43,129,49,14,26
0:20:44,21,190,64,239
0:20:44,193,116,7,5
0:20:45,217,109,74,187
0:20:45,58,188,211,177
0:20:46,15,43,149,241
0:20:46,9,23,62,73
0:20:47,142,216,138,54
0:20:47,190,70,111,25
0:20:48,55,239,69,222
0:20:49,98,130,193,210
0:20:49,240,38,8,26
0:20:50,29,128,179,250
0:20:50,212,167,245,176
0:20:51,158,3,215,192
0:20:51,208,33,252,136
0:20:51,7,190,29,178
0:20:52,51,132,73,251
0:20:52,206,173,53,223
0:20:53,115,19,137,153
0:20:53,71,13,42,43
0:20:54,149,72,254,246
0:20:54,147,26,25,44
0:20:55,134,225,137,79
0:20:56,114,203,207,15
0:20:56,168,243,98,19
0:20:57,182,45,20,27
0:20:57,199,44,9,5
0:20:58,117,203,148,5
0:20:58,50,8,125,215
0:20:59,178,162,219,157
0:20:59,85,254,240,247
0:20:59,246,197,66,184
0:21:0,100,46,150,153
0:21:0,63,113,24,115
0:21:1,216,239,3,194
0:21:2,98,81,194,10
0:21:2,226,235,236,126
0:21:2,113,117,71,129
0:21:3,105,175,34,84
0:21:4,208,67,40,213
0:21:4,10,38,153,100
0:21:5,34,162,211,99
0:21:5,240,110,76,40
0:21:6,143,171,78,223
0:21:7,58,212,128,129
0:21:7,52,63,163,60
0:21:7,34,227,214,201
0:21:8,213,233,253,174
0:21:9,40,74,69,195
0:21:9,100,226,78,241
0:21:10,199,224,224,242
0:21:10,56,118,86,207
0:21:11,101,108,109,24
0:21:11,19,8,187,37
0:21:12,221,169,179,211
0:21:12,90,27,132,217
0:21:13,196,122,115,28
0:21:13,97,100,154,32
0:21:14,33,104,27,245
0:21:15,50,127,201,139
0:21:15,178,56,141,149
0:21:16,188,168,201,204
0:21:17,76,60,112,104
0:21:17,238,0,151,149
0:21:18,108,238,129,35
0:21:18,126,254,37,204
0:21:19,33,193,75,147
0:21:20,192,47,76,113
0:21:20,9,243,170,172
0:21:21,106,184,117,214
0:21:21,162,45,159,250
0:21:22,68,99,168,198
0:21:22,59,101,194,2
0:21:23,76,142,20,114
0:21:23,221,205,242,156
0:21:24,22,25,56,100
0:21:25,149,164,246,198
0:21:25,33,132,119,43
0:21:25,166,9,27,211
0:21:26,171,210,10,7
0:21:27,49,238,14,54
0:21:27,32,4,201,166
0:21:28,172,28,152,207
0:21:28,39,254,173,208
0:21:29,163,52,8,165
0:21:29,117,185,156,154
0:21:30,20,14,69,206
0:21:31,10,90,214,219
0:21:31,156,72,217,39
0:21:32,202,218,157,146
0:21:33,209,39,38,53
0:21:33,186,46,193,182
0:21:34,240,93,170,43
0:21:34,14,122,139,128
0:21:35,127,208,154,129
0:21:35,73,86,98,32
0:21:36,46,252,198,73
0:21:36,159,134,142,241
0:21:37,192,9,187,54
0:21:37,21,28,188,85
0:21:38,134,168,131,237
0:21:38,36,234,63,80
0:21:39,244,197,173,200
0:21:40,174,91,144,202
0:21:40,141,204,103,57
0:21:41,190,97,251,125
0:21:41,224,78,132,173
0:21:42,184,74,192,187
0:21:42,83,210,225,116
0:21:43,247,39,41,106
0:21:43,43,132,217,43
0:21:44,115,183,49,42
0:21:44,173,161,215,118
0:21:45,108,134,128,19
0:21:46,75,240,13,7
0:21:46,4,79,183,191
0:21:47,175,215,232,109
0:21:48,86,117,54,18
0:21:48,248,217,143,250
0:21:49,132,131,231,253
0:21:49,205,25,130,38
0:21:50,180,141,225,226
0:21:50,178,232,56,189
0:21:51,49,176,177,89
0:21:51,97,34,173,74
0:21:52,217,199,122,6
0:21:53,174,88,147,53
0:21:53,87,203,116,63
0:21:54,85,27,113,200
0:21:54,155,21,85,95
0:21:55,158,40,15,176
0:21:55,22,231,13,195
0:21:56,57,152,156,146
0:21:56,66,230,228,1
0:21:57,253,234,252,119
0:21:58,182,91,237,171
0:21:58,20,137,12,239
0:21:59,55,218,228,246
0:21:59,191,205,130,91
0:22:0,33,179,93,191
0:22:0,145,12,105,197
0:22:1,195,140,14,13
0:22:2,50,70,180,168
0:22:2,221,171,118,155
0:22:3,99,11,116,229
0:22:4,123,0,118,63
0:22:4,162,176,13,120
0:22:5,30,9,174,39
0:22:5,218,249,189,235
0:22:6,111,168,33,29
0:22:6,213,71,14,224
0:22:7,186,27,15,120
0:22:8,199,193,6,28
0:22:8,187,151,45,198
0:22:9,218,143,223,209
0:22:9,80,170,133,67
0:22:10,8,11,176,198
0:22:10,86,203,52,174
0:22:11,7,38,67,22
0:22:11,25,192,103,42
0:22:12,154,144,200,192
0:22:13,120,58,145,15
0:22:13,206,39,236,154
0:22:14,90,15,115,247
0:22:14,240,210,208,20
0:22:15,6,132,24,130
0:22:16,78,206,90,138
0:22:16,253,166,7,80
0:22:17,162,137,143,21
0:22:17,238,89,2,43
0:22:18,231,68,155,47
0:22:18,30,111,112,147
0:22:19,68,47,150,87
0:22:19,91,52,193,73
0:22:20,189,26,101,10
0:22:20,178,6,0,32
0:22:21,119,244,116,91
0:22:22,169,146,76,58
0:22:23,69,210,229,225
0:22:23,84,238,240,67
0:22:23,88,39,145,76
0:22:24,135,177,168,172
0:22:25,15,77,160,195
0:22:25,65,179,48,32
0:22:26,128,43,20,46
0:22:27,192,138,128,60
0:22:27,86,78,50,223
0:22:28,168,32,29,187
0:22:28,222,108,3,200
0:22:28,181,142,242,32
0:22:29,227,115,153,113
0:22:30,49,236,119,240
0:22:30,164,19,45,91
0:22:30,226,222,179,144
0:22:31,2,103,108,99
0:22:31,96,202,187,32
0:22:32,247,42,29,243
0:22:33,34,224,230,79
0:22:33,51,8,146,0
0:22:34,33,213,78,116
0:22:34,136,162,163,33
0:22:35,61,214,122,246
0:22:35,112,129,143,102
0:22:36,118,73,36,137
0:22:36,69,137,98,228
0:22:37,164,196,253,231
0:22:37,125,241,65,234
0:22:38,80,65,107,52
0:22:38,45,183,54,254
0:22:38,173,117,180,178
0:22:39,194,154,36,65
0:22:39,172,220,98,15
0:22:40,200,251,89,99
0:22:40,191,83,248,59
0:22:41,252,200,122,105
0:22:42,89,156,168,49
0:22:42,21,159,57,131
0:22:43,155,120,131,42
0:22:43,22,223,204,181
0:22:43,107,39,124,184
0:22:45,177,87,228,50
0:22:45,39,91,40,245
0:22:45,250,176,64,173
0:22:46,54,161,222,52
0:22:46,253,249,105,149
0:22:47,149,223,65,161
0:22:47,41,43,32,28
0:22:48,203,48,193,79
0:22:48,13,243,146,225
0:22:49,100,80,38,70
0:22:49,145,64,94,189
0:22:50,201,254,25,105
0:22:50,163,121,227,18
0:22:51,197,214,16,17
0:22:51,77,12,159,245
0:22:52,228,140,181,85
0:22:52,214,133,28,176
0:22:53,217,111,215,173
0:22:53,183,92,117,81
0:22:54,64,35,137,33
0:22:54,102,213,102,92
0:22:55,210,37,29,62
0:22:55,72,26,166,20
0:22:56,145,8,15,15
0:22:56,87,217,231,210
0:22:57,146,244,248,195
0:22:57,143,160,12,208
0:22:58,140,210,251,204
0:22:58,116,186,159,47
0:22:59,253,3,232,135
0:22:59,215,197,145,251
0:23:0,168,233,126,115
0:23:0,86,245,15,89
0:23:1,172,230,247,45
0:23:1,115,37,155,133
0:23:2,45,220,190,98
0:23:2,218,47,200,252
0:23:3,7,73,36,147
0:23:3,46,252,43,236
0:23:4,236,215,172,164
0:23:5,81,249,22,22
0:23:5,251,31,61,248
0:23:6,191,218,120,76
0:23:6,69,73,253,220
0:23:7,98,198,223,26
0:23:7,233,196,18,132
0:23:8,239,71,27,56
0:23:8,181,243,205,246
0:23:9,132,13,200,198
0:23:9,111,136,219,106
0:23:9,172,32,196,236
0:23:10,170,251,84,220
0:23:10,149,111,122,9
0:23:11,185,47,99,116
0:23:11,213,213,44,158
0:23:12,163,14,176,92
0:23:13,42,252,61,163
0:23:13,117,121,145,68
0:23:14,177,34,161,226
0:23:14,72,254,3,169
0:23:15,222,131,170,21
0:23:15,54,77,142,45
0:23:16,1,126,122,108
0:23:16,28,231,151,65
0:23:16,246,37,38,100
0:23:17,93,75,198,84
0:23:17,175,94,250,82
0:23:18,90,156,66,100
0:23:18,77,132,83,35
0:23:19,77,246,96,47
0:23:19,185,36,206,27
0:23:20,75,84,179,247
0:23:20,1,35,213,168
0:23:21,206,173,102,44
0:23:22,116,203,201,77
0:23:22,30,24,23,189
0:23:23,224,52,198,43
0:23:23,123,253,237,112
0:23:24,85,194,183,53
0:23:24,100,134,73,74
0:23:24,133,204,54,191
0:23:25,47,100,96,86
0:23:25,36,151,151,85
0:23:26,176,127,125,218
0:23:26,227,88,32,43
0:23:27,113,112,149,32
0:23:27,235,93,81,27
0:23:28,144,24,178,152
0:23:29,20,22,121,137
0:23:29,144,59,4,188
0:23:30,243,18,118,100
0:23:30,64,1,95,209
0:23:31,165,247,135,14
0:23:31,218,38,151,94
0:23:31,163,166,244,113
0:23:32,11,226,176,242
0:23:32,224,23,174,13
0:23:33,211,180,0,203
0:23:33,50,28,175,40
0:23:34,71,40,99,89
0:23:35,150,38,104,216
0:23:35,174,250,22,63
0:23:36,244,218,246,227
0:23:36,66,129,13,125
0:23:37,192,55,110,146
0:23:37,75,55,222,184
0:23:38,177,88,154,219
0:23:38,90,219,61,198
0:23:38,25,110,220,239
0:23:39,85,126,157,128
0:23:39,151,235,222,1
0:23:40,138,50,117,45
0:23:40,196,41,56,124
0:23:41,109,227,205,217
0:23:41,180,148,16,142
0:23:42,235,167,21,36
0:23:43,166,236,200,231
0:23:43,89,233,61,218
0:23:44,138,188,87,169
0:23:44,59,141,52,137
0:23:45,210,24,218,200
0:23:45,217,32,80,178
0:23:45,34,100,238,73
0:23:46,27,2,201,3
0:23:46,61,195,3,194
0:23:47,246,51,10,94
0:23:47,107,43,108,198
0:23:48,52,25,200,88
0:23:49,234,170,226,49
0:23:49,38,26,53,0
0:23:50,24,134,34,104
0:23:50,162,1,2,241
0:23:51,253,175,225,45
0:23:51,245,13,177,220
0:23:51,168,199,172,200
0:23:52,123,110,168,199
0:23:52,248,6,54,24
0:23:53,62,179,248,91
0:23:53,189,117,83,180
0:23:54,166,126,195,97
0:23:54,11,133,51,43
0:23:55,143,33,99,23
0:23:56,32,27,178,91
0:23:56,173,203,253,59
0:23:57,241,102,101,227
0:23:57,29,126,71,101
0:23:58,156,214,132,176
0:23:58,133,238,211,59
0:23:58,218,169,66,170
0:23:59,131,111,35,244
0:24:0,246,124,29,68
0:24:0,194,174,243,102
0:24:0,245,68,140,54
0:24:1,198,34,252,76
0:24:2,157,84,144,167
0:24:2,97,1,39,0
0:24:3,90,160,166,177
0:24:3,120,53,61,26
0:24:4,6,47,158,117
0:24:4,134,197,207,37
0:24:4,42,34,173,99
0:24:5,188,207,51,187
0:24:5,30,82,16,229
0:24:6,86,207,186,143
0:24:6,97,71,197,240
0:24:7,86,41,89,202
0:24:7,12,32,15,58
0:24:8,247,64,197,39
0:24:8,41,219,203,171
0:24:9,133,248,179,81
0:24:10,185,137,253,123
0:24:10,231,55,79,78
0:24:10,174,237,46,77
0:24:11,236,25,92,74
0:24:11,192,229,7,86
0:24:12,33,220,192,46
0:24:12,170,34,29,75
0:24:13,68,146,82,117
0:24:13,224,47,77,187
0:24:15,74,76,168,219
0:24:15,228,49,86,58
0:24:15,147,167,114,33
0:24:16,90,179,166,205
0:24:16,115,109,211,10
0:24:17,20,2,40,203
0:24:17,186,119,65,177
0:24:18,105,51,219,75
0:24:18,39,170,188,140
0:24:19,248,214,215,24
0:24:19,100,190,232,131
0:24:20,23,112,83,36
0:24:20,175,103,88,147
0:24:21,111,216,22,250
0:24:21,128,162,179,222
0:24:22,126,107,165,183
0:24:22,69,206,219,47
0:24:23,70,133,184,181
0:24:23,31,80,196,174
0:24:24,200,213,144,18
0:24:24,132,82,5,236
0:24:25,41,41,231,101
0:24:25,53,252,196,72
0:24:26,223,150,99,29
0:24:26,71,97,160,160
0:24:27,61,181,210,183
0:24:27,240,106,224,213
0:24:28,23,83,228,244
0:24:28,9,165,184,172
0:24:29,99,220,253,223
0:24:29,235,89,214,187
0:24:30,44,92,188,241
0:24:30,250,114,76,69
0:24:31,235,93,173,72
0:24:31,246,85,128,101
0:24:32,251,90,198,21
0:24:32,163,133,59,43
0:24:33,147,149,107,37
0:24:33,217,72,223,107
0:24:34,211,80,103,135
0:24:34,193,249,52,81
0:24:35,161,48,66,106
0:24:35,14,5,52,216
0:24:36,249,156,46,143
0:24:36,7,235,204,17
0:24:37,201,222,120,169
0:24:37,192,26,4,219
0:24:38,245,227,57,229
0:24:38,140,186,58,10
0:24:39,66,23,212,45
0:24:39,136,30,204,171
0:24:40,167,147,54,17
0:24:40,84,200,118,164
0:24:41,40,20,79,89
0:24:41,88,195,112,41
0:24:42,193,58,165,130
0:24:42,41,112,199,210
0:24:43,185,159,111,66
0:24:43,9,249,123,188
0:24:44,95,247,113,205
0:24:44,187,16,15,224
0:24:45,223,48,43,27
0:24:45,122,111,166,86
0:24:46,169,123,189,17
0:24:46,100,225,157,246
0:24:47,54,211,122,156
0:24:47,73,138,31,174
0:24:48,40,97,136,181
0:24:48,70,253,108,48
0:24:49,178,97,56,102
0:24:49,134,84,33,148
0:24:50,128,247,231,218
0:24:50,45,15,70,45
0:24:51,96,242,73,61
0:24:51,62,156,108,88
0:24:52,217,134,29,156
0:24:52,55,177,73,58
0:24:53,74,1,189,105
0:24:53,236,1,249,192
0:24:54,214,57,226,185
0:24:54,148,46,50,31
0:24:55,175,25,87,24
0:24:55,182,45,130,151
0:24:56,247,11,98,154
0:24:56,79,24,64,43
0:24:57,221,76,68,51
0:24:57,217,35,181,16
0:24:58,132,194,106,33
0:24:58,145,128,73,69
0:24:59,58,63,47,121
0:24:59,30,252,80,112
0:25:0,125,113,71,28
0:25:0,26,138,26,146
0:25:1,24,168,234,56
0:25:1,217,111,42,108
0:25:2,209,80,150,148
0:25:2,9,225,105,114
0:25:3,26,162,152,205
0:25:3,71,157,227,164
0:25:4,78,137,61,230
0:25:4,234,206,79,19
0:25:5,193,163,143,160
0:25:5,81,220,149,252
0:25:6,247,60,97,236
0:25:6,71,209,53,20
0:25:7,109,62,242,21
0:25:7,164,159,183,40
0:25:8,146,103,252,224
0:25:8,3,118,210,252
0:25:9,221,70,199,133
0:25:9,109,112,77,28
0:25:10,23,184,18,218
0:25:10,12,22,130,162
0:25:11,82,185,10,49
0:25:11,98,197,50,191
0:25:12,94,128,37,165
0:25:12,43,199,48,106
0:25:13,225,133,157,221
0:25:13,224,57,122,33
0:25:14,218,208,183,138
0:25:14,218,94,73,14
0:25:15,203,55,193,14
0:25:15,119,112,197,241
0:25:16,84,207,96,132
0:25:16,229,148,169,37
0:25:17,82,40,28,85
0:25:17,232,221,169,158
0:25:18,211,136,109,160
0:25:18,125,158,183,170
0:25:19,183,38,165,81
0:25:19,244,197,140,191
0:25:20,47,0,45,126
0:25:21,20,216,119,219
0:25:21,38,249,219,163
0:25:22,208,48,61,221
0:25:22,142,1,191,27
0:25:23,36,167,80,81
0:25:24,49,173,140,247
0:25:24,59,251,207,223
0:25:24,201,121,33,169
0:25:25,232,48,181,68
0:25:26,161,254,224,205
0:25:26,142,203,126,214
0:25:27,173,21,211,93
0:25:27,20,197,23,75
0:25:28,91,193,32,128
0:25:28,181,77,151,233
0:25:29,230,178,101,19
0:25:29,55,105,189,252
0:25:30,225,95,57,38
0:25:31,55,96,186,13
0:25:31,171,50,126,156
0:25:32,164,234,169,77
0:25:33,41,126,223,54
0:25:33,203,106,167,16
0:25:33,66,107,2,171
0:25:34,162,234,6,241
0:25:34,139,184,69,176
0:25:35,160,144,162,90
0:25:36,188,158,240,100
0:25:36,122,239,131,42
0:25:37,140,228,46,21
0:25:37,71,9,37,61
0:25:38,209,5,113,183
0:25:39,48,241,45,82
0:25:39,8,125,28,132
0:25:40,96,213,115,189
0:25:40,45,36,199,228
0:25:41,200,251,111,146
0:25:41,67,11,184,84
0:25:42,238,128,86,204
0:25:43,230,139,209,224
0:25:43,2,79,63,220
0:25:44,228,98,180,171
0:25:44,166,33,104,59
0:25:45,171,156,221,215
0:25:45,251,107,142,28
0:25:46,132,153,75,129
0:25:47,200,105,158,190
0:25:47,95,29,43,210
0:25:48,87,222,15,97
0:25:48,250,51,150,20
0:25:49,182,26,251,200
0:25:50,129,116,173,239
0:25:50,82,106,118,11
0:25:51,39,105,8,122
0:25:51,148,151,192,157
0:25:52,134,225,171,191
0:25:52,225,106,14,67
0:25:53,100,55,156,175
0:25:54,15,223,242,26
0:25:54,135,62,198,9
0:25:55,13,92,190,103
0:25:55,222,49,172,222
0:25:56,111,225,10,228
0:25:56,159,93,222,243
0:25:57,86,107,4,227
0:25:57,151,116,96,111
0:25:58,181,55,227,211
0:25:59,238,121,67,66
0:26:0,0,158,201,201
0:26:0,51,1,63,26
0:26:1,155,193,244,226
0:26:2,176,191,73,19
0:26:2,254,151,205,123
0:26:3,191,112,175,186
0:26:3,115,207,249,154
0:26:4,218,119,99,7
0:26:5,53,112,25,26
0:26:5,155,15,188,5
0:26:5,204,90,165,188
0:26:6,166,127,223,33
0:26:7,236,164,92,121
0:26:7,56,157,146,213
0:26:8,161,151,76,148
0:26:8,176,207,174,205
0:26:9,240,172,169,77
0:26:9,211,241,81,29
0:26:10,23,185,152,98
0:26:10,28,88,80,241
0:26:11,18,99,122,238
0:26:12,35,212,213,162
0:26:12,51,25,253,97
0:26:13,87,40,158,160
0:26:13,234,79,13,223
0:26:14,8,36,91,55
0:26:14,231,198,15,90
0:26:15,143,118,252,226
0:26:16,46,123,8,78
0:26:16,116,229,50,41
0:26:17,87,46,84,162
0:26:18,32,161,64,22
0:26:18,149,245,253,188
0:26:19,70,116,73,94
0:26:19,173,28,94,82
0:26:20,149,69,220,183
0:26:20,182,133,15,89
